<?xml version="1.0" encoding="utf-8"?>
<rss version="2.0">
  <channel>
    <title>Яндекс.Новости: Софт</title>
    <link>http://news.yandex.ru/software.html</link>
    <description>
      Первая в России служба автоматической обработки и систематизации новостей. Сообщения ведущих российских и мировых СМИ. Обновление в режиме реального времени 24 часа в сутки.
    </description>
    <image>
      <url>https://company.yandex.ru/i/50x23.gif</url>
      <link>http://news.yandex.ru/software.html</link>
      <title>Яндекс.Новости: Софт</title>
    </image>
    <lastBuildDate>04 Dec 2016 18:30:46 +0300</lastBuildDate>
    <item>
      <title>Где и как управлять музыкой с помощью Siri</title>
      <link>http://news.yandex.ru/yandsearch?cl4url=www.iphones.ru%2FiNotes%2Fhow-to-use-siri-to-find-music</link>
      <description>3. Определи песню В последних версиях iOS Siri научили определять композиции, которые играют в кафе, клубах, на ТВ, концертах и так далее. Для этого голосовой помощник использует движок популярного сервиса Shazam.</description>
      <pubDate>04 Dec 2016 17:00:34 +0300</pubDate>
      <guid>http://news.yandex.ru/yandsearch?cl4url=www.iphones.ru%2FiNotes%2Fhow-to-use-siri-to-find-music</guid>
    </item>
    <item>
      <title>Uber следит за клиентами даже после завершения поездки</title>
      <link>http://news.yandex.ru/yandsearch?cl4url=www.vladtime.ru%2Fcomputers%2F525654</link>
      <description>Благодаря новому обновления Uber, программа стала усовершенствованной. Теперь приложение сможет отслеживать своих потребителей даже после окончания поездки. Для получения новой версии программы следует обновить приложение Uber.</description>
      <pubDate>04 Dec 2016 18:06:59 +0300</pubDate>
      <guid>http://news.yandex.ru/yandsearch?cl4url=www.vladtime.ru%2Fcomputers%2F525654</guid>
    </item>
    <item>
      <title>Как включить пункт «Только 4G» в Параметрах Windows 10 Mobile</title>
      <link>http://news.yandex.ru/yandsearch?cl4url=wp-seven.ru%2Finstruktsii%2Fsystem%2Fwindows-mobile-system%2Fkak-vklyuchit-punkt-tol-ko-4g-v-parametrah-windows-10-mobile.html</link>
      <description>В процессе создания Windows 10 Mobile её разработчики постоянно меняли что-то в настройках сотовой сети. Пункт &amp;quot;Только 4G&amp;quot; то появлялся в системе, то исчезал, то сливался с пунктом &amp;quot;Только 3G&amp;quot;.</description>
      <pubDate>04 Dec 2016 18:00:33 +0300</pubDate>
      <guid>http://news.yandex.ru/yandsearch?cl4url=wp-seven.ru%2Finstruktsii%2Fsystem%2Fwindows-mobile-system%2Fkak-vklyuchit-punkt-tol-ko-4g-v-parametrah-windows-10-mobile.html</guid>
    </item>
    <item>
      <title>В 2016 году продажи Pixel могут принести Google 2 млрд долларов</title>
      <link>http://news.yandex.ru/yandsearch?cl4url=b-online.ru%2F7986-v-2016-godu-prodazhi-pixel-mogut-prinesti-google-2-mlrd-dollarov.html</link>
      <description>В текущем году североамериканская корпорация Google Inc. может продать на глобальном рынке около 3 млн единиц своих новых смартфонов Pixel, заработав на этом 2 млрд долларов США. К такому выводу пришли аналитики американского банковского холдинга Morgan Stanley.</description>
      <pubDate>03 Dec 2016 11:58:51 +0300</pubDate>
      <guid>http://news.yandex.ru/yandsearch?cl4url=b-online.ru%2F7986-v-2016-godu-prodazhi-pixel-mogut-prinesti-google-2-mlrd-dollarov.html</guid>
    </item>
    <item>
      <title>WhatsApp прекратит поддержку миллионов старых аппаратов в конце месяца</title>
      <link>http://news.yandex.ru/yandsearch?cl4url=www.3dnews.ru%2F943807</link>
      <description>В конце этого года WhatsApp перестанет поддерживаться в смартфонах на базе Android 2.1, Android 2.2, Windows Phone 7, а также на iPhone 3GS/iOS 6. Вдобавок 30 июня 2017 года прекратится поддержка всех платформ BlackBerry, включая операционную систему BlackBerry 10, платформы Nokia S40 и Nokia Symbian S60.</description>
      <pubDate>04 Dec 2016 12:45:00 +0300</pubDate>
      <guid>http://news.yandex.ru/yandsearch?cl4url=www.3dnews.ru%2F943807</guid>
    </item>
    <item>
      <title>Home Hub появится на Windows 10 в 2017 году</title>
      <link>http://news.yandex.ru/yandsearch?cl4url=actualnews.org%2Ftehnologii%2F125883-home-hub-poyavitsya-na-windows-10-v-2017-godu.html</link>
      <description>Пару месяцев назад в интернете стало известно о Home Hub. До официальной информации пользователи думали, что речь идет о новом устройстве от Microsoft. Теперь же стало ясно, что Home Hub – личный ассистент для пользователей Windows 10.</description>
      <pubDate>04 Dec 2016 14:55:15 +0300</pubDate>
      <guid>http://news.yandex.ru/yandsearch?cl4url=actualnews.org%2Ftehnologii%2F125883-home-hub-poyavitsya-na-windows-10-v-2017-godu.html</guid>
    </item>
    <item>
      <title>Microsoft изменила правила работы символьных ссылок в Windows 10</title>
      <link>http://news.yandex.ru/yandsearch?cl4url=wp-seven.ru%2Fstat-i%2Fnovosti%2Fmicrosoft-izmenila-pravila-raboty-simvol-ny-h-ssy-lok-v-windows-10.html</link>
      <description>Иными словами, для создания символьной ссылки нужна была консоль с правами администратора. Поскольку работа этих ссылок была далеко не самой удобной, многие разработчики избегали их использования, что приводило к снижению эффективности кроссплатформенных инструментов для разработки на Windows.</description>
      <pubDate>04 Dec 2016 15:30:00 +0300</pubDate>
      <guid>http://news.yandex.ru/yandsearch?cl4url=wp-seven.ru%2Fstat-i%2Fnovosti%2Fmicrosoft-izmenila-pravila-raboty-simvol-ny-h-ssy-lok-v-windows-10.html</guid>
    </item>
    <item>
      <title>Как изменилась наша планета за 32 года</title>
      <link>http://news.yandex.ru/yandsearch?cl4url=www.stolica.onego.ru%2Fnews%2F369262.html</link>
      <description>В Timelapse отдельно выделили 8 регионов, которые вызывают наибольшие опасение экологов, в их числе — иссушение Аральского моря и таяние ледников Аляски. Также Google выложила на Youtube 193 видео, на которых запечатлены самые сильные изменения за 32 года.</description>
      <pubDate>02 Dec 2016 19:09:46 +0300</pubDate>
      <guid>http://news.yandex.ru/yandsearch?cl4url=www.stolica.onego.ru%2Fnews%2F369262.html</guid>
    </item>
    <item>
      <title>Компания Tele2 создала новый корпоративный сайт</title>
      <link>http://news.yandex.ru/yandsearch?cl4url=deloru.ru%2Fnews%2F645862%2F</link>
      <description>«Tele2 начинает масштабную цифровую трансформацию бизнеса и представляет новый корпоративный сайт», — сообщила пресс-служба оператора. Здесь уточнили, что первыми регионами, где компания полностью изменила дизайн и архитектуру официального интернет-ресурса, стали Москва и Санкт-Петербург.</description>
      <pubDate>03 Dec 2016 09:28:33 +0300</pubDate>
      <guid>http://news.yandex.ru/yandsearch?cl4url=deloru.ru%2Fnews%2F645862%2F</guid>
    </item>
    <item>
      <title>В Google хотят монетизировать голосовой поиск</title>
      <link>http://news.yandex.ru/yandsearch?cl4url=svopi.ru%2Finternet%2F140667</link>
      <description>По словам вице-президента корпорации Google по рекламе и коммерции Шридхара Рамасвами, компания рассматривает возможность монетизации голосового поиска.</description>
      <pubDate>04 Dec 2016 02:45:58 +0300</pubDate>
      <guid>http://news.yandex.ru/yandsearch?cl4url=svopi.ru%2Finternet%2F140667</guid>
    </item>
    <item>
      <title>Минкомсвязи одобрило финскую ОС в качестве «российской»</title>
      <link>http://news.yandex.ru/yandsearch?cl4url=nag.ru%2Fgo%2Ftext%2F30618%2F</link>
      <description>Минкомсвязи РФ наряду с другими российскими ведомствами одобрило операционную систему для мобильных устройств Sailfish OS, разработанную финской компанией Jolla. Теперь финская &amp;quot;операционка&amp;quot; внесена в реестр национального программного обеспечения РФ.</description>
      <pubDate>02 Dec 2016 06:13:40 +0300</pubDate>
      <guid>http://news.yandex.ru/yandsearch?cl4url=nag.ru%2Fgo%2Ftext%2F30618%2F</guid>
    </item>
    <item>
      <title>Surface Phone не поможет Windows Phone</title>
      <link>http://news.yandex.ru/yandsearch?cl4url=xdrv.ru%2Fnews%2Fanalytics%2F20840</link>
      <description>Инновационный смартфон Surface Phone не поможет Microsoft увеличить рыночную долю Windows Phone. Согласно прогнозу аналитической компании IDC, к 2020 году она сократится с текущих 0,4% до 0,1%. В количественном выражении поставки смартфонов с Windows просядут с 6,1 до 1 миллиона штук.</description>
      <pubDate>01 Dec 2016 10:33:49 +0300</pubDate>
      <guid>http://news.yandex.ru/yandsearch?cl4url=xdrv.ru%2Fnews%2Fanalytics%2F20840</guid>
    </item>
    <item>
      <title>Huawei поможет операторам перевести 2G в 3G</title>
      <link>http://news.yandex.ru/yandsearch?cl4url=actualnews.org%2Ftehnologii%2F125880-huawei-pomozhet-operatoram-perevesti-2g-v-3g.html</link>
      <description>Компания Huawei открыла перед операторами сотовой связи возможность перевести сеть «вчерашнего дня» 2G в более продвинутую 3G-сеть. Предложением смогут воспользоваться те операторы, которые работают в диапазоне до 900MHz.</description>
      <pubDate>04 Dec 2016 14:19:44 +0300</pubDate>
      <guid>http://news.yandex.ru/yandsearch?cl4url=actualnews.org%2Ftehnologii%2F125880-huawei-pomozhet-operatoram-perevesti-2g-v-3g.html</guid>
    </item>
    <item>
      <title>Приложение AirDroid может быть использовано для кражи личных данных</title>
      <link>http://news.yandex.ru/yandsearch?cl4url=actualnews.org%2Ftehnologii%2F125562-prilozhenie-airdroid-mozhet-byt-ispolzovano-dlya-krazhi-lichnyh-dannyh.html</link>
      <description>Приложение AirDroid для Android-устройств может быть использовано для хищения информации со смартфонов граждан. Данные со ссылкой на экспертов предоставляет издание LIFE. Как минимум 10 миллионов человек, которые скачали AirDroid из Google Play, могут впоследствии стать жертвами кибератаки.</description>
      <pubDate>02 Dec 2016 18:02:36 +0300</pubDate>
      <guid>http://news.yandex.ru/yandsearch?cl4url=actualnews.org%2Ftehnologii%2F125562-prilozhenie-airdroid-mozhet-byt-ispolzovano-dlya-krazhi-lichnyh-dannyh.html</guid>
    </item>
    <item>
      <title>Названа дата выхода новых телефонов Nokia</title>
      <link>http://news.yandex.ru/yandsearch?cl4url=rg.ru%2F2016%2F12%2F02%2Fkogda-telefony-nokia-poiaviatsia-v-prodazhe.html</link>
      <description>Смартфоны под брендом Nokia появятся на рынке в первой половине 2017 года. Об этом говорится в официальном сообщении компании HMD Global, которая владеет эксклюзивной глобальной лицензией на выпуск смартфонов и планшетов под легендарной маркой.</description>
      <pubDate>02 Dec 2016 11:58:00 +0300</pubDate>
      <guid>http://news.yandex.ru/yandsearch?cl4url=rg.ru%2F2016%2F12%2F02%2Fkogda-telefony-nokia-poiaviatsia-v-prodazhe.html</guid>
    </item>
  </channel>
</rss>
